/*
 Navicat Premium Data Transfer

 Source Server         : MSSSQLSERVER12
 Source Server Type    : SQL Server
 Source Server Version : 11002100
 Source Host           : ADMIN-PC\MSSSQLSERVER12:1433
 Source Catalog        : OPT_Monitor
 Source Schema         : dbo

 Target Server Type    : SQL Server
 Target Server Version : 11002100
 File Encoding         : 65001

 Date: 03/01/2019 13:06:43
*/


-- ----------------------------
-- Table structure for Member
-- ----------------------------
IF EXISTS (SELECT * FROM sys.all_objects WHERE object_id = OBJECT_ID(N'[dbo].[Member]') AND type IN ('U'))
	DROP TABLE [dbo].[Member]
GO

CREATE TABLE [dbo].[Member] (
  [Member_ID] uniqueidentifier DEFAULT (newid()) NOT NULL,
  [Member_Num] varchar(50) COLLATE Chinese_PRC_CI_AS  NULL,
  [Member_Name] varchar(50) COLLATE Chinese_PRC_CI_AS  NULL,
  [Member_Phone] int  NULL,
  [Member_Sex] varchar(50) COLLATE Chinese_PRC_CI_AS  NULL,
  [Member_Birthday] datetime  NULL,
  [Member_Photo] varchar(200) COLLATE Chinese_PRC_CI_AS  NULL,
  [Member_UserID] uniqueidentifier  NULL,
  [Member_Introduce] text COLLATE Chinese_PRC_CI_AS  NULL,
  [Member_FilePath] varchar(200) COLLATE Chinese_PRC_CI_AS  NULL,
  [Member_CreateTime] datetime DEFAULT (getdate()) NULL
)
GO

ALTER TABLE [dbo].[Member] SET (LOCK_ESCALATION = TABLE)
GO


-- ----------------------------
-- Records of Member
-- ----------------------------
INSERT INTO [dbo].[Member]  VALUES (N'9F722F6F-24D9-4CCF-A387-CD3E939EDF4C', N'2', N'test', N'23213', N'男', N'2018-08-20 00:00:00.000', NULL, NULL, N'<p>12313撒旦发射点</p>', NULL, N'2018-08-20 10:46:20.153')
GO

INSERT INTO [dbo].[Member]  VALUES (N'9A604AA2-9AE6-4A2F-8DDB-D9E0289EAD9E', N'1', N'测试会员', N'131231', N'男', N'2018-04-25 00:00:00.000', N'/Content/UpFile/51446921-6121-4a53-b5f3-4ef26c1f82e0.jpg', N'A7EAE7AB-0DE4-4026-8DA9-6529F8A1C3E2', N'<p><img src="/Admin/lib/nUeditor/upload/image/20180802/6366881296663732469581226.jpg" alt="p_big3.jpg"/></p>', N'/Content/UpFile/fc0ef283-b8c1-4fcf-851c-51141a2be661.txt', N'2018-04-25 23:00:06.637')
GO


-- ----------------------------
-- Table structure for Sys_Function
-- ----------------------------
IF EXISTS (SELECT * FROM sys.all_objects WHERE object_id = OBJECT_ID(N'[dbo].[Sys_Function]') AND type IN ('U'))
	DROP TABLE [dbo].[Sys_Function]
GO

CREATE TABLE [dbo].[Sys_Function] (
  [Function_ID] uniqueidentifier DEFAULT (newid()) NOT NULL,
  [Function_Num] varchar(50) COLLATE Chinese_PRC_CI_AS  NULL,
  [Function_Name] varchar(50) COLLATE Chinese_PRC_CI_AS  NULL,
  [Function_ByName] varchar(50) COLLATE Chinese_PRC_CI_AS  NULL,
  [Function_CreateTime] datetime DEFAULT (getdate()) NULL
)
GO

ALTER TABLE [dbo].[Sys_Function] SET (LOCK_ESCALATION = TABLE)
GO


-- ----------------------------
-- Records of Sys_Function
-- ----------------------------
INSERT INTO [dbo].[Sys_Function]  VALUES (N'B6FD5425-504A-46A9-993B-2F8DC9158EB8', N'80', N'打印', N'Print', N'2016-06-20 13:40:36.787')
GO

INSERT INTO [dbo].[Sys_Function]  VALUES (N'C9518758-B2E1-4F51-B517-5282E273889C', N'10', N'能否拥有该菜单', N'Have', N'2016-06-20 13:40:29.657')
GO

INSERT INTO [dbo].[Sys_Function]  VALUES (N'F27ECB0A-197D-47B1-B243-59A8C71302BF', N'60', N'检索', N'Search', N'2017-02-16 17:06:23.430')
GO

INSERT INTO [dbo].[Sys_Function]  VALUES (N'383E7EE2-7690-46AC-9230-65155C84AA30', N'50', N'保存', N'Save', N'2017-04-22 13:51:52.837')
GO

INSERT INTO [dbo].[Sys_Function]  VALUES (N'9C388461-2704-4C5E-A729-72C17E9018E1', N'40', N'删除', N'Delete', N'2016-06-20 13:40:52.360')
GO

INSERT INTO [dbo].[Sys_Function]  VALUES (N'BFFEFB1C-8988-4DDF-B4AC-81C2B30E80CD', N'20', N'添加', N'Add', N'2016-06-20 13:40:36.787')
GO

INSERT INTO [dbo].[Sys_Function]  VALUES (N'2401F4D0-60B0-4E2E-903F-84C603373572', N'70', N'导出', N'GetExcel', N'2017-02-09 16:34:14.017')
GO

INSERT INTO [dbo].[Sys_Function]  VALUES (N'E7EF2A05-8317-41C3-B588-99519FE88BF9', N'30', N'修改', N'Edit', N'2016-06-20 13:40:43.153')
GO


-- ----------------------------
-- Table structure for Sys_Menu
-- ----------------------------
IF EXISTS (SELECT * FROM sys.all_objects WHERE object_id = OBJECT_ID(N'[dbo].[Sys_Menu]') AND type IN ('U'))
	DROP TABLE [dbo].[Sys_Menu]
GO

CREATE TABLE [dbo].[Sys_Menu] (
  [Menu_ID] uniqueidentifier DEFAULT (newid()) NOT NULL,
  [Menu_Num] varchar(50) COLLATE Chinese_PRC_CI_AS  NULL,
  [Menu_Name] varchar(50) COLLATE Chinese_PRC_CI_AS  NULL,
  [Menu_Url] varchar(50) COLLATE Chinese_PRC_CI_AS  NULL,
  [Menu_Icon] varchar(50) COLLATE Chinese_PRC_CI_AS  NULL,
  [Menu_ParentID] uniqueidentifier  NULL,
  [Menu_IsShow] int  NULL,
  [Menu_CreateTime] datetime DEFAULT (getdate()) NULL
)
GO

ALTER TABLE [dbo].[Sys_Menu] SET (LOCK_ESCALATION = TABLE)
GO


-- ----------------------------
-- Records of Sys_Menu
-- ----------------------------
INSERT INTO [dbo].[Sys_Menu]  VALUES (N'4CE21A81-1CAE-44D2-B29E-07058FF04B3E', N'Z-160', N'代码创建', N'/Admin/CreateCode/Index', NULL, N'9591F249-1471-44F7-86B5-6FDAE8B93888', N'1', N'2018-03-10 12:17:32.723')
GO

INSERT INTO [dbo].[Sys_Menu]  VALUES (N'F4C917ED-E191-4FAF-8ACE-26B539F2166A', N'F-100', N'流程管理', NULL, NULL, N'252DA931-6170-4CB3-A67E-BA723659BDF8', N'1', N'2018-12-26 11:20:39.343')
GO

INSERT INTO [dbo].[Sys_Menu]  VALUES (N'D2FC8A83-D118-41A7-9507-2FA988F5A244', N'G-120', N'通知公告', NULL, NULL, N'95915C77-DF04-45D6-A153-58AC09C991E4', N'1', N'2018-12-26 11:19:36.800')
GO

INSERT INTO [dbo].[Sys_Menu]  VALUES (N'737B7BB1-90D3-4311-8A87-33FFF2F548BA', N'H-120', N'系统日志', NULL, NULL, N'BA745DCF-D874-4526-8F3C-464C84D6D6C7', N'1', N'2018-12-26 11:14:34.760')
GO

INSERT INTO [dbo].[Sys_Menu]  VALUES (N'F42EA263-D02B-4B91-87F9-39330DEB1C49', N'H-100', N'在线用户', NULL, NULL, N'BA745DCF-D874-4526-8F3C-464C84D6D6C7', N'1', N'2018-12-26 11:13:36.813')
GO

INSERT INTO [dbo].[Sys_Menu]  VALUES (N'167ECBBF-E6FA-4462-B8FF-42FE436E0DA8', N'A-130', N'单位管理', N'/Admin/Enterprise/Index?id=1', NULL, N'1EC76C4C-B9B3-4517-9854-F08CD11D653D', N'2', N'2018-12-25 17:32:17.493')
GO

INSERT INTO [dbo].[Sys_Menu]  VALUES (N'E5D4DA6B-AAB0-4AAA-982F-43673E8152C0', N'Z-130', N'菜单功能', N'/Admin/MenuFunction/Index', NULL, N'9591F249-1471-44F7-86B5-6FDAE8B93888', N'1', N'2018-03-10 12:18:33.997')
GO

INSERT INTO [dbo].[Sys_Menu]  VALUES (N'BA745DCF-D874-4526-8F3C-464C84D6D6C7', N'H', N'系统监控', NULL, N'fa fa-video-camera', NULL, N'1', N'2018-12-26 11:08:36.390')
GO

INSERT INTO [dbo].[Sys_Menu]  VALUES (N'0724E6A6-0DF0-4B4C-B40A-50552589B40E', N'Z-170', N'字典管理', NULL, NULL, N'9591F249-1471-44F7-86B5-6FDAE8B93888', N'1', N'2019-01-03 13:02:15.550')
GO

INSERT INTO [dbo].[Sys_Menu]  VALUES (N'95915C77-DF04-45D6-A153-58AC09C991E4', N'G', N'办公管理', NULL, N'fa fa-laptop', NULL, N'1', N'2018-12-26 11:17:44.847')
GO

INSERT INTO [dbo].[Sys_Menu]  VALUES (N'D721FC55-2174-40EB-BB37-5C54A158525A', N'Z-120', N'功能管理', N'/Admin/Function/Index', NULL, N'9591F249-1471-44F7-86B5-6FDAE8B93888', N'1', N'2018-03-10 12:18:21.087')
GO

INSERT INTO [dbo].[Sys_Menu]  VALUES (N'9591F249-1471-44F7-86B5-6FDAE8B93888', N'Z', N'系统管理', NULL, N'fa fa-desktop', NULL, N'1', N'2018-03-10 12:16:38.890')
GO

INSERT INTO [dbo].[Sys_Menu]  VALUES (N'38D864FF-F6E7-43AF-8C5C-8BBCF9FA586D', N'Z-100', N'用户管理', N'/Admin/User/Index', NULL, N'9591F249-1471-44F7-86B5-6FDAE8B93888', N'1', N'2018-03-10 12:18:03.657')
GO

INSERT INTO [dbo].[Sys_Menu]  VALUES (N'BD024F3A-99A7-4407-861C-A016F243F222', N'Z-140', N'角色功能', N'/Admin/RoleFunction/Index', NULL, N'9591F249-1471-44F7-86B5-6FDAE8B93888', N'1', N'2018-03-10 12:18:46.617')
GO

INSERT INTO [dbo].[Sys_Menu]  VALUES (N'8862E662-7C44-426B-9F42-B6EF49A03222', N'G-100', N'我的通知', NULL, NULL, N'95915C77-DF04-45D6-A153-58AC09C991E4', N'1', N'2018-12-26 11:18:49.690')
GO

INSERT INTO [dbo].[Sys_Menu]  VALUES (N'6EDA22DA-F1E3-4F54-A8B1-B8C26357146B', N'A-120', N'人员管理', N'/Admin/Executives/Index?id=1', NULL, N'1EC76C4C-B9B3-4517-9854-F08CD11D653D', N'2', N'2018-12-25 17:25:28.610')
GO

INSERT INTO [dbo].[Sys_Menu]  VALUES (N'252DA931-6170-4CB3-A67E-BA723659BDF8', N'F', N'工作流程', NULL, N'fa fa-print', NULL, N'1', N'2018-12-26 11:16:54.167')
GO

INSERT INTO [dbo].[Sys_Menu]  VALUES (N'7C34C2FD-98ED-4655-AA04-BB00B915A751', N'A-140', N'项目管理', N'/Admin/Member/Index?id=1', NULL, N'1EC76C4C-B9B3-4517-9854-F08CD11D653D', N'2', N'2018-04-25 21:36:28.533')
GO

INSERT INTO [dbo].[Sys_Menu]  VALUES (N'8878803B-58DF-4F04-8A44-BDFA92989A53', N'F-120', N'待办流程', NULL, NULL, N'252DA931-6170-4CB3-A67E-BA723659BDF8', N'1', N'2018-12-26 11:21:41.977')
GO

INSERT INTO [dbo].[Sys_Menu]  VALUES (N'60AE9382-31AB-4276-A379-D3876E9BB783', N'Z-110', N'角色管理', N'/Admin/Role/Index', NULL, N'9591F249-1471-44F7-86B5-6FDAE8B93888', N'1', N'2018-03-10 12:18:55.290')
GO

INSERT INTO [dbo].[Sys_Menu]  VALUES (N'F35D64AE-ECB7-4D06-ACFB-D91595966D9E', N'Z-150', N'修改密码', N'/Admin/ChangePwd/Index', NULL, N'9591F249-1471-44F7-86B5-6FDAE8B93888', N'1', N'2018-03-10 12:17:03.810')
GO

INSERT INTO [dbo].[Sys_Menu]  VALUES (N'2012B0E1-F755-465F-B462-E31E264D20F3', N'F-130', N'模型管理', NULL, NULL, N'252DA931-6170-4CB3-A67E-BA723659BDF8', N'1', N'2018-12-26 11:21:20.933')
GO

INSERT INTO [dbo].[Sys_Menu]  VALUES (N'1EC76C4C-B9B3-4517-9854-F08CD11D653D', N'A', N'基础信息', NULL, N'fa fa-cubes', NULL, N'1', N'2018-04-25 21:18:09.403')
GO

INSERT INTO [dbo].[Sys_Menu]  VALUES (N'B9FAE27C-8636-4EF9-A0E4-F34287BAD59D', N'H-130', N'运行监控', NULL, NULL, N'BA745DCF-D874-4526-8F3C-464C84D6D6C7', N'1', N'2018-12-26 11:14:54.430')
GO


-- ----------------------------
-- Table structure for Sys_MenuFunction
-- ----------------------------
IF EXISTS (SELECT * FROM sys.all_objects WHERE object_id = OBJECT_ID(N'[dbo].[Sys_MenuFunction]') AND type IN ('U'))
	DROP TABLE [dbo].[Sys_MenuFunction]
GO

CREATE TABLE [dbo].[Sys_MenuFunction] (
  [MenuFunction_ID] uniqueidentifier DEFAULT (newid()) NOT NULL,
  [MenuFunction_MenuID] uniqueidentifier  NULL,
  [MenuFunction_FunctionID] uniqueidentifier  NULL,
  [MenuFunction_CreateTime] datetime DEFAULT (getdate()) NULL
)
GO

ALTER TABLE [dbo].[Sys_MenuFunction] SET (LOCK_ESCALATION = TABLE)
GO


-- ----------------------------
-- Records of Sys_MenuFunction
-- ----------------------------
INSERT INTO [dbo].[Sys_MenuFunction]  VALUES (N'520F1D34-9387-40CD-8398-025A40924732', N'6EDA22DA-F1E3-4F54-A8B1-B8C26357146B', N'BFFEFB1C-8988-4DDF-B4AC-81C2B30E80CD', N'2019-01-03 12:59:02.053')
GO

INSERT INTO [dbo].[Sys_MenuFunction]  VALUES (N'D51904C2-53A4-40D1-9D2F-02D2D2E6F82E', N'0724E6A6-0DF0-4B4C-B40A-50552589B40E', N'E7EF2A05-8317-41C3-B588-99519FE88BF9', N'2019-01-03 13:02:15.550')
GO

INSERT INTO [dbo].[Sys_MenuFunction]  VALUES (N'074E1C5F-B3CF-4E5C-A35F-03E696D3A71E', N'6EDA22DA-F1E3-4F54-A8B1-B8C26357146B', N'F27ECB0A-197D-47B1-B243-59A8C71302BF', N'2019-01-03 12:59:02.053')
GO

INSERT INTO [dbo].[Sys_MenuFunction]  VALUES (N'F6CA2943-AF90-4A07-983E-055F9C2A6C73', N'252DA931-6170-4CB3-A67E-BA723659BDF8', N'B6FD5425-504A-46A9-993B-2F8DC9158EB8', N'2018-12-26 11:16:54.167')
GO

INSERT INTO [dbo].[Sys_MenuFunction]  VALUES (N'37215A70-DCF9-4F3B-8A65-05C52F3FA085', N'BA745DCF-D874-4526-8F3C-464C84D6D6C7', N'C9518758-B2E1-4F51-B517-5282E273889C', N'2018-12-26 11:10:53.943')
GO

INSERT INTO [dbo].[Sys_MenuFunction]  VALUES (N'BF220476-9614-4FCA-9CCA-06872441B41B', N'8878803B-58DF-4F04-8A44-BDFA92989A53', N'C9518758-B2E1-4F51-B517-5282E273889C', N'2018-12-26 11:21:41.977')
GO

INSERT INTO [dbo].[Sys_MenuFunction]  VALUES (N'6CB652CA-E3E2-4344-8148-077487183D0E', N'F4C917ED-E191-4FAF-8ACE-26B539F2166A', N'C9518758-B2E1-4F51-B517-5282E273889C', N'2018-12-26 11:20:39.343')
GO

INSERT INTO [dbo].[Sys_MenuFunction]  VALUES (N'85933F94-6763-46F9-A255-08D8028E5A1F', N'7C34C2FD-98ED-4655-AA04-BB00B915A751', N'383E7EE2-7690-46AC-9230-65155C84AA30', N'2019-01-03 12:59:16.263')
GO

INSERT INTO [dbo].[Sys_MenuFunction]  VALUES (N'4714883A-19B0-4D11-8F64-094E52F8363D', N'7C34C2FD-98ED-4655-AA04-BB00B915A751', N'F27ECB0A-197D-47B1-B243-59A8C71302BF', N'2019-01-03 12:59:16.263')
GO

INSERT INTO [dbo].[Sys_MenuFunction]  VALUES (N'48AEE644-F6E6-4253-AB49-0AC7FB9C4301', N'252DA931-6170-4CB3-A67E-BA723659BDF8', N'E7EF2A05-8317-41C3-B588-99519FE88BF9', N'2018-12-26 11:16:54.167')
GO

INSERT INTO [dbo].[Sys_MenuFunction]  VALUES (N'A28E462D-2780-4BE2-8236-14D578D3FCA4', N'8878803B-58DF-4F04-8A44-BDFA92989A53', N'BFFEFB1C-8988-4DDF-B4AC-81C2B30E80CD', N'2018-12-26 11:21:41.977')
GO

INSERT INTO [dbo].[Sys_MenuFunction]  VALUES (N'F7F796CD-7EEF-44E5-8B72-16BBB103513D', N'60AE9382-31AB-4276-A379-D3876E9BB783', N'2401F4D0-60B0-4E2E-903F-84C603373572', N'2018-04-22 15:46:57.700')
GO

INSERT INTO [dbo].[Sys_MenuFunction]  VALUES (N'908C001E-8CE2-427E-9C93-16E301F2DC7B', N'95915C77-DF04-45D6-A153-58AC09C991E4', N'E7EF2A05-8317-41C3-B588-99519FE88BF9', N'2018-12-26 11:17:44.847')
GO

INSERT INTO [dbo].[Sys_MenuFunction]  VALUES (N'7DE96A19-F398-4511-B5B7-18932BC162E4', N'0724E6A6-0DF0-4B4C-B40A-50552589B40E', N'BFFEFB1C-8988-4DDF-B4AC-81C2B30E80CD', N'2019-01-03 13:02:15.550')
GO

INSERT INTO [dbo].[Sys_MenuFunction]  VALUES (N'A49B958C-F00C-4C0D-B031-21190E5C74FA', N'F35D64AE-ECB7-4D06-ACFB-D91595966D9E', N'C9518758-B2E1-4F51-B517-5282E273889C', N'2018-04-22 15:47:38.933')
GO

INSERT INTO [dbo].[Sys_MenuFunction]  VALUES (N'B88D2BC6-D624-4F0C-AE1F-21E1CCA4384D', N'0724E6A6-0DF0-4B4C-B40A-50552589B40E', N'F27ECB0A-197D-47B1-B243-59A8C71302BF', N'2019-01-03 13:02:15.550')
GO

INSERT INTO [dbo].[Sys_MenuFunction]  VALUES (N'7CF3D025-A7A8-4834-9822-2313F9AC2B25', N'7C34C2FD-98ED-4655-AA04-BB00B915A751', N'9C388461-2704-4C5E-A729-72C17E9018E1', N'2019-01-03 12:59:16.263')
GO

INSERT INTO [dbo].[Sys_MenuFunction]  VALUES (N'2FF834D6-4F47-486D-969E-24DEE2179A45', N'167ECBBF-E6FA-4462-B8FF-42FE436E0DA8', N'BFFEFB1C-8988-4DDF-B4AC-81C2B30E80CD', N'2019-01-03 12:59:47.767')
GO

INSERT INTO [dbo].[Sys_MenuFunction]  VALUES (N'8CBEE66C-51C2-406E-B6C9-2575679108EB', N'D2FC8A83-D118-41A7-9507-2FA988F5A244', N'B6FD5425-504A-46A9-993B-2F8DC9158EB8', N'2018-12-26 11:19:36.800')
GO

INSERT INTO [dbo].[Sys_MenuFunction]  VALUES (N'4E65496F-67F9-4ECC-AAA7-257758B59710', N'BA745DCF-D874-4526-8F3C-464C84D6D6C7', N'2401F4D0-60B0-4E2E-903F-84C603373572', N'2018-12-26 11:10:53.947')
GO

INSERT INTO [dbo].[Sys_MenuFunction]  VALUES (N'F9A205A8-B4E9-4BF1-B891-262EC42D04E6', N'167ECBBF-E6FA-4462-B8FF-42FE436E0DA8', N'F27ECB0A-197D-47B1-B243-59A8C71302BF', N'2019-01-03 12:59:47.767')
GO

INSERT INTO [dbo].[Sys_MenuFunction]  VALUES (N'22C83D2A-5209-4941-830C-28CA9982297A', N'6EDA22DA-F1E3-4F54-A8B1-B8C26357146B', N'C9518758-B2E1-4F51-B517-5282E273889C', N'2019-01-03 12:59:02.053')
GO

INSERT INTO [dbo].[Sys_MenuFunction]  VALUES (N'A96D666B-856C-42E8-A56C-2C8ECB0B2BD5', N'167ECBBF-E6FA-4462-B8FF-42FE436E0DA8', N'383E7EE2-7690-46AC-9230-65155C84AA30', N'2019-01-03 12:59:47.767')
GO

INSERT INTO [dbo].[Sys_MenuFunction]  VALUES (N'66D41880-C146-4537-9378-2E90440C7D49', N'252DA931-6170-4CB3-A67E-BA723659BDF8', N'383E7EE2-7690-46AC-9230-65155C84AA30', N'2018-12-26 11:16:54.167')
GO

INSERT INTO [dbo].[Sys_MenuFunction]  VALUES (N'FE39A5B2-5125-48CB-B3BB-370F1D1CF778', N'167ECBBF-E6FA-4462-B8FF-42FE436E0DA8', N'C9518758-B2E1-4F51-B517-5282E273889C', N'2019-01-03 12:59:47.767')
GO

INSERT INTO [dbo].[Sys_MenuFunction]  VALUES (N'4E79EE1F-4190-40D7-B589-3997CE62747E', N'2012B0E1-F755-465F-B462-E31E264D20F3', N'383E7EE2-7690-46AC-9230-65155C84AA30', N'2018-12-26 11:21:20.933')
GO

INSERT INTO [dbo].[Sys_MenuFunction]  VALUES (N'5CD320E4-A011-4ECF-AA27-3A45F36BAB07', N'0724E6A6-0DF0-4B4C-B40A-50552589B40E', N'C9518758-B2E1-4F51-B517-5282E273889C', N'2019-01-03 13:02:15.550')
GO

INSERT INTO [dbo].[Sys_MenuFunction]  VALUES (N'04135508-60AC-482E-AE98-3BF06A5A9DA7', N'8878803B-58DF-4F04-8A44-BDFA92989A53', N'9C388461-2704-4C5E-A729-72C17E9018E1', N'2018-12-26 11:21:41.977')
GO

INSERT INTO [dbo].[Sys_MenuFunction]  VALUES (N'14465CA8-85AE-47C2-B0B6-3DF00EDBC9BF', N'737B7BB1-90D3-4311-8A87-33FFF2F548BA', N'C9518758-B2E1-4F51-B517-5282E273889C', N'2018-12-26 11:14:34.760')
GO

INSERT INTO [dbo].[Sys_MenuFunction]  VALUES (N'9C195F15-166F-41B6-969C-3FC1A7B16126', N'38D864FF-F6E7-43AF-8C5C-8BBCF9FA586D', N'9C388461-2704-4C5E-A729-72C17E9018E1', N'2018-04-22 15:46:46.540')
GO

INSERT INTO [dbo].[Sys_MenuFunction]  VALUES (N'FBDFE5FC-77F9-49DA-9A11-3FC6042DA824', N'D2FC8A83-D118-41A7-9507-2FA988F5A244', N'BFFEFB1C-8988-4DDF-B4AC-81C2B30E80CD', N'2018-12-26 11:19:36.800')
GO

INSERT INTO [dbo].[Sys_MenuFunction]  VALUES (N'742A501B-E3D6-4A5A-A417-410981F9CBC6', N'6EDA22DA-F1E3-4F54-A8B1-B8C26357146B', N'9C388461-2704-4C5E-A729-72C17E9018E1', N'2019-01-03 12:59:02.053')
GO

INSERT INTO [dbo].[Sys_MenuFunction]  VALUES (N'D71BED72-3AEB-46D3-A0CA-458B5142826E', N'8878803B-58DF-4F04-8A44-BDFA92989A53', N'F27ECB0A-197D-47B1-B243-59A8C71302BF', N'2018-12-26 11:21:41.977')
GO

INSERT INTO [dbo].[Sys_MenuFunction]  VALUES (N'38AE88BD-4DE4-4484-A44A-4B7DAA2D4400', N'2012B0E1-F755-465F-B462-E31E264D20F3', N'C9518758-B2E1-4F51-B517-5282E273889C', N'2018-12-26 11:21:20.933')
GO

INSERT INTO [dbo].[Sys_MenuFunction]  VALUES (N'5851D23F-7DE2-48B1-8340-4FEEF46B8A76', N'60AE9382-31AB-4276-A379-D3876E9BB783', N'9C388461-2704-4C5E-A729-72C17E9018E1', N'2018-04-22 15:46:57.700')
GO

INSERT INTO [dbo].[Sys_MenuFunction]  VALUES (N'F933B4DF-E994-4366-916A-55610DAB5D5E', N'60AE9382-31AB-4276-A379-D3876E9BB783', N'383E7EE2-7690-46AC-9230-65155C84AA30', N'2018-04-22 15:46:57.700')
GO

INSERT INTO [dbo].[Sys_MenuFunction]  VALUES (N'5934CA24-E809-4804-A6DC-56D224BD2E93', N'95915C77-DF04-45D6-A153-58AC09C991E4', N'B6FD5425-504A-46A9-993B-2F8DC9158EB8', N'2018-12-26 11:17:44.847')
GO

INSERT INTO [dbo].[Sys_MenuFunction]  VALUES (N'05BFB4D2-E5F0-41A7-B651-58A835AC3D33', N'95915C77-DF04-45D6-A153-58AC09C991E4', N'BFFEFB1C-8988-4DDF-B4AC-81C2B30E80CD', N'2018-12-26 11:17:44.847')
GO

INSERT INTO [dbo].[Sys_MenuFunction]  VALUES (N'5FA5C451-D682-459D-A148-5B9753E976D3', N'60AE9382-31AB-4276-A379-D3876E9BB783', N'F27ECB0A-197D-47B1-B243-59A8C71302BF', N'2018-04-22 15:46:57.700')
GO

INSERT INTO [dbo].[Sys_MenuFunction]  VALUES (N'B9CD948E-DA3E-4088-85B9-5E889817F81F', N'252DA931-6170-4CB3-A67E-BA723659BDF8', N'BFFEFB1C-8988-4DDF-B4AC-81C2B30E80CD', N'2018-12-26 11:16:54.167')
GO

INSERT INTO [dbo].[Sys_MenuFunction]  VALUES (N'2031EC2B-A99B-4F2B-B2B9-6573194C1361', N'D2FC8A83-D118-41A7-9507-2FA988F5A244', N'F27ECB0A-197D-47B1-B243-59A8C71302BF', N'2018-12-26 11:19:36.800')
GO

INSERT INTO [dbo].[Sys_MenuFunction]  VALUES (N'3CABC8C9-464A-49E4-ABBB-682F5A28F620', N'8878803B-58DF-4F04-8A44-BDFA92989A53', N'2401F4D0-60B0-4E2E-903F-84C603373572', N'2018-12-26 11:21:41.977')
GO

INSERT INTO [dbo].[Sys_MenuFunction]  VALUES (N'326117EE-655F-4220-B582-6895E3331D55', N'7C34C2FD-98ED-4655-AA04-BB00B915A751', N'BFFEFB1C-8988-4DDF-B4AC-81C2B30E80CD', N'2019-01-03 12:59:16.263')
GO

INSERT INTO [dbo].[Sys_MenuFunction]  VALUES (N'76F85802-7004-420C-8803-6A419E2B7C0F', N'D2FC8A83-D118-41A7-9507-2FA988F5A244', N'2401F4D0-60B0-4E2E-903F-84C603373572', N'2018-12-26 11:19:36.800')
GO

INSERT INTO [dbo].[Sys_MenuFunction]  VALUES (N'BC771E38-A581-44FB-9786-6E243379EA24', N'252DA931-6170-4CB3-A67E-BA723659BDF8', N'C9518758-B2E1-4F51-B517-5282E273889C', N'2018-12-26 11:16:54.167')
GO

INSERT INTO [dbo].[Sys_MenuFunction]  VALUES (N'6D1EB9BE-656E-4445-BAC6-6EBAAA22CFEF', N'252DA931-6170-4CB3-A67E-BA723659BDF8', N'F27ECB0A-197D-47B1-B243-59A8C71302BF', N'2018-12-26 11:16:54.167')
GO

INSERT INTO [dbo].[Sys_MenuFunction]  VALUES (N'55CFAB80-DB5E-4736-A5C3-7828BEA9AB76', N'167ECBBF-E6FA-4462-B8FF-42FE436E0DA8', N'E7EF2A05-8317-41C3-B588-99519FE88BF9', N'2019-01-03 12:59:47.767')
GO

INSERT INTO [dbo].[Sys_MenuFunction]  VALUES (N'49B6CE0F-57F7-41DC-8926-795C5E138ECF', N'F4C917ED-E191-4FAF-8ACE-26B539F2166A', N'B6FD5425-504A-46A9-993B-2F8DC9158EB8', N'2018-12-26 11:20:39.347')
GO

INSERT INTO [dbo].[Sys_MenuFunction]  VALUES (N'6CAC00D4-6747-419A-959C-7D99838895C2', N'BA745DCF-D874-4526-8F3C-464C84D6D6C7', N'E7EF2A05-8317-41C3-B588-99519FE88BF9', N'2018-12-26 11:10:53.943')
GO

INSERT INTO [dbo].[Sys_MenuFunction]  VALUES (N'F98C47B2-F11D-4EE3-9790-7ECD708E3EB1', N'6EDA22DA-F1E3-4F54-A8B1-B8C26357146B', N'2401F4D0-60B0-4E2E-903F-84C603373572', N'2019-01-03 12:59:02.053')
GO

INSERT INTO [dbo].[Sys_MenuFunction]  VALUES (N'AA68DBDD-F3B6-4B4A-B454-7EFFBDFB5A39', N'8862E662-7C44-426B-9F42-B6EF49A03222', N'F27ECB0A-197D-47B1-B243-59A8C71302BF', N'2018-12-26 11:19:12.930')
GO

INSERT INTO [dbo].[Sys_MenuFunction]  VALUES (N'3687674E-BC10-4C0A-870D-7F33BBDB33C3', N'2012B0E1-F755-465F-B462-E31E264D20F3', N'2401F4D0-60B0-4E2E-903F-84C603373572', N'2018-12-26 11:21:20.933')
GO

INSERT INTO [dbo].[Sys_MenuFunction]  VALUES (N'D6831FFE-1FD8-47B2-9538-816F52C30836', N'BA745DCF-D874-4526-8F3C-464C84D6D6C7', N'383E7EE2-7690-46AC-9230-65155C84AA30', N'2018-12-26 11:10:53.943')
GO

INSERT INTO [dbo].[Sys_MenuFunction]  VALUES (N'9897D27B-3CE7-4600-BE47-8285EC4CB9B6', N'8878803B-58DF-4F04-8A44-BDFA92989A53', N'E7EF2A05-8317-41C3-B588-99519FE88BF9', N'2018-12-26 11:21:41.977')
GO

INSERT INTO [dbo].[Sys_MenuFunction]  VALUES (N'CC17FC2D-D67B-4C78-A93A-833AECD55EB3', N'F4C917ED-E191-4FAF-8ACE-26B539F2166A', N'9C388461-2704-4C5E-A729-72C17E9018E1', N'2018-12-26 11:20:39.343')
GO

INSERT INTO [dbo].[Sys_MenuFunction]  VALUES (N'D975A7E3-D87D-44AC-B4A1-848219C6A2F8', N'BA745DCF-D874-4526-8F3C-464C84D6D6C7', N'BFFEFB1C-8988-4DDF-B4AC-81C2B30E80CD', N'2018-12-26 11:10:53.943')
GO

INSERT INTO [dbo].[Sys_MenuFunction]  VALUES (N'8D8C6CA1-7862-42C3-8622-8785B916F2A4', N'737B7BB1-90D3-4311-8A87-33FFF2F548BA', N'F27ECB0A-197D-47B1-B243-59A8C71302BF', N'2018-12-26 11:14:34.760')
GO

INSERT INTO [dbo].[Sys_MenuFunction]  VALUES (N'45A6399C-5B26-4A47-9957-8AC8CB0C1FF7', N'38D864FF-F6E7-43AF-8C5C-8BBCF9FA586D', N'BFFEFB1C-8988-4DDF-B4AC-81C2B30E80CD', N'2018-04-22 15:46:46.540')
GO

INSERT INTO [dbo].[Sys_MenuFunction]  VALUES (N'A4A31BF8-9EDD-4F15-9EC7-8B318BDCF069', N'F4C917ED-E191-4FAF-8ACE-26B539F2166A', N'E7EF2A05-8317-41C3-B588-99519FE88BF9', N'2018-12-26 11:20:39.343')
GO

INSERT INTO [dbo].[Sys_MenuFunction]  VALUES (N'4E1FCF13-5656-4B50-84A5-8C581FEF102C', N'BA745DCF-D874-4526-8F3C-464C84D6D6C7', N'9C388461-2704-4C5E-A729-72C17E9018E1', N'2018-12-26 11:10:53.943')
GO

INSERT INTO [dbo].[Sys_MenuFunction]  VALUES (N'D2B5B678-1F81-445E-962E-8D2527524CAB', N'0724E6A6-0DF0-4B4C-B40A-50552589B40E', N'383E7EE2-7690-46AC-9230-65155C84AA30', N'2019-01-03 13:02:15.550')
GO

INSERT INTO [dbo].[Sys_MenuFunction]  VALUES (N'779246D1-84CE-4DAF-9A49-8FA4ABB31404', N'38D864FF-F6E7-43AF-8C5C-8BBCF9FA586D', N'383E7EE2-7690-46AC-9230-65155C84AA30', N'2018-04-22 15:46:46.540')
GO

INSERT INTO [dbo].[Sys_MenuFunction]  VALUES (N'C58182F8-7A7E-46C0-9352-904434D7293B', N'F4C917ED-E191-4FAF-8ACE-26B539F2166A', N'F27ECB0A-197D-47B1-B243-59A8C71302BF', N'2018-12-26 11:20:39.343')
GO

INSERT INTO [dbo].[Sys_MenuFunction]  VALUES (N'DE404027-8E1E-4A1C-B83B-90AE031AFC52', N'252DA931-6170-4CB3-A67E-BA723659BDF8', N'2401F4D0-60B0-4E2E-903F-84C603373572', N'2018-12-26 11:16:54.167')
GO

INSERT INTO [dbo].[Sys_MenuFunction]  VALUES (N'9132AF5F-4CFC-4BD9-8E44-9493C5858226', N'7C34C2FD-98ED-4655-AA04-BB00B915A751', N'C9518758-B2E1-4F51-B517-5282E273889C', N'2019-01-03 12:59:16.263')
GO

INSERT INTO [dbo].[Sys_MenuFunction]  VALUES (N'B3ADF0BD-FD5D-4840-8374-9652A2F7CD39', N'2012B0E1-F755-465F-B462-E31E264D20F3', N'BFFEFB1C-8988-4DDF-B4AC-81C2B30E80CD', N'2018-12-26 11:21:20.933')
GO

INSERT INTO [dbo].[Sys_MenuFunction]  VALUES (N'8ACE0203-9924-4AAD-93C3-9C989242242D', N'F42EA263-D02B-4B91-87F9-39330DEB1C49', N'2401F4D0-60B0-4E2E-903F-84C603373572', N'2018-12-26 11:13:36.813')
GO

INSERT INTO [dbo].[Sys_MenuFunction]  VALUES (N'7BAAB27F-74CC-4EB3-9D04-9E72F0CC8A94', N'38D864FF-F6E7-43AF-8C5C-8BBCF9FA586D', N'E7EF2A05-8317-41C3-B588-99519FE88BF9', N'2018-04-22 15:46:46.540')
GO

INSERT INTO [dbo].[Sys_MenuFunction]  VALUES (N'BB14769D-4760-4341-9FAF-9FA82EEADA65', N'2FF9BB67-AA42-48CF-80C9-6D1CFB6B1EAD', N'E7EF2A05-8317-41C3-B588-99519FE88BF9', N'2018-06-28 11:30:09.723')
GO

INSERT INTO [dbo].[Sys_MenuFunction]  VALUES (N'3CF4F4E6-B2F1-401C-9A13-A0DAEDD24181', N'D2FC8A83-D118-41A7-9507-2FA988F5A244', N'383E7EE2-7690-46AC-9230-65155C84AA30', N'2018-12-26 11:19:36.800')
GO

INSERT INTO [dbo].[Sys_MenuFunction]  VALUES (N'7861B618-0B12-4A56-ABDA-A5E8D17AC5D7', N'2FF9BB67-AA42-48CF-80C9-6D1CFB6B1EAD', N'BFFEFB1C-8988-4DDF-B4AC-81C2B30E80CD', N'2018-06-28 11:30:09.723')
GO

INSERT INTO [dbo].[Sys_MenuFunction]  VALUES (N'177CE01F-ADD8-4FD5-A2A6-A652803B0F38', N'60AE9382-31AB-4276-A379-D3876E9BB783', N'BFFEFB1C-8988-4DDF-B4AC-81C2B30E80CD', N'2018-04-22 15:46:57.700')
GO

INSERT INTO [dbo].[Sys_MenuFunction]  VALUES (N'E93920E2-0C80-4257-A0A1-A81D89236DBC', N'D2FC8A83-D118-41A7-9507-2FA988F5A244', N'9C388461-2704-4C5E-A729-72C17E9018E1', N'2018-12-26 11:19:36.800')
GO

INSERT INTO [dbo].[Sys_MenuFunction]  VALUES (N'0CCFD18F-E76E-4ECC-96B0-A981B83EC048', N'8862E662-7C44-426B-9F42-B6EF49A03222', N'2401F4D0-60B0-4E2E-903F-84C603373572', N'2018-12-26 11:19:12.930')
GO

INSERT INTO [dbo].[Sys_MenuFunction]  VALUES (N'FCD6B980-626F-4F67-964A-AC91C42C0BD1', N'B9FAE27C-8636-4EF9-A0E4-F34287BAD59D', N'C9518758-B2E1-4F51-B517-5282E273889C', N'2018-12-26 11:14:54.430')
GO

INSERT INTO [dbo].[Sys_MenuFunction]  VALUES (N'16CEE2BE-61DB-4129-BA17-AD9F87167D37', N'60AE9382-31AB-4276-A379-D3876E9BB783', N'E7EF2A05-8317-41C3-B588-99519FE88BF9', N'2018-04-22 15:46:57.700')
GO

INSERT INTO [dbo].[Sys_MenuFunction]  VALUES (N'3A12EB38-66B3-44BE-A09B-AE3BDF0E9002', N'7C34C2FD-98ED-4655-AA04-BB00B915A751', N'E7EF2A05-8317-41C3-B588-99519FE88BF9', N'2019-01-03 12:59:16.263')
GO

INSERT INTO [dbo].[Sys_MenuFunction]  VALUES (N'ED266ED2-B722-4ECB-80D2-AEE8CE94686A', N'38D864FF-F6E7-43AF-8C5C-8BBCF9FA586D', N'2401F4D0-60B0-4E2E-903F-84C603373572', N'2018-04-22 15:46:46.540')
GO

INSERT INTO [dbo].[Sys_MenuFunction]  VALUES (N'28E53F0A-B6C4-4E9E-B5D0-B1B2FEF6B528', N'F4C917ED-E191-4FAF-8ACE-26B539F2166A', N'2401F4D0-60B0-4E2E-903F-84C603373572', N'2018-12-26 11:20:39.343')
GO

INSERT INTO [dbo].[Sys_MenuFunction]  VALUES (N'A3E43E73-0105-4E3F-A7D7-B36727B87069', N'7C34C2FD-98ED-4655-AA04-BB00B915A751', N'2401F4D0-60B0-4E2E-903F-84C603373572', N'2019-01-03 12:59:16.263')
GO

INSERT INTO [dbo].[Sys_MenuFunction]  VALUES (N'307EC3F0-94AF-4E5B-92FD-B4F807C05D76', N'0724E6A6-0DF0-4B4C-B40A-50552589B40E', N'2401F4D0-60B0-4E2E-903F-84C603373572', N'2019-01-03 13:02:15.550')
GO

INSERT INTO [dbo].[Sys_MenuFunction]  VALUES (N'AAA679CE-D68C-4563-B485-B5AF5E3CD9B9', N'38D864FF-F6E7-43AF-8C5C-8BBCF9FA586D', N'F27ECB0A-197D-47B1-B243-59A8C71302BF', N'2018-04-22 15:46:46.540')
GO

INSERT INTO [dbo].[Sys_MenuFunction]  VALUES (N'3149740D-7DB0-4CF6-82F5-B6FDA17E1EE5', N'2012B0E1-F755-465F-B462-E31E264D20F3', N'F27ECB0A-197D-47B1-B243-59A8C71302BF', N'2018-12-26 11:21:20.933')
GO

INSERT INTO [dbo].[Sys_MenuFunction]  VALUES (N'72352FBB-55A9-4FB7-B030-B82515499AFA', N'95915C77-DF04-45D6-A153-58AC09C991E4', N'383E7EE2-7690-46AC-9230-65155C84AA30', N'2018-12-26 11:17:44.847')
GO

INSERT INTO [dbo].[Sys_MenuFunction]  VALUES (N'716711F6-5563-4F3C-83CC-BC98A759D5E6', N'D2FC8A83-D118-41A7-9507-2FA988F5A244', N'C9518758-B2E1-4F51-B517-5282E273889C', N'2018-12-26 11:19:36.800')
GO

INSERT INTO [dbo].[Sys_MenuFunction]  VALUES (N'914C6D6F-26BF-4BEE-86F5-C63E6D889689', N'737B7BB1-90D3-4311-8A87-33FFF2F548BA', N'2401F4D0-60B0-4E2E-903F-84C603373572', N'2018-12-26 11:14:34.760')
GO

INSERT INTO [dbo].[Sys_MenuFunction]  VALUES (N'2A4A3282-04F2-497B-8E9B-C71D62ABC2EA', N'167ECBBF-E6FA-4462-B8FF-42FE436E0DA8', N'9C388461-2704-4C5E-A729-72C17E9018E1', N'2019-01-03 12:59:47.767')
GO

INSERT INTO [dbo].[Sys_MenuFunction]  VALUES (N'0962A398-D4A5-455E-8D2F-C7C6B41FC9CF', N'38D864FF-F6E7-43AF-8C5C-8BBCF9FA586D', N'C9518758-B2E1-4F51-B517-5282E273889C', N'2018-04-22 15:46:46.540')
GO

INSERT INTO [dbo].[Sys_MenuFunction]  VALUES (N'1BFDB42C-EB6E-43F6-B269-CA5EE9A32EB3', N'0724E6A6-0DF0-4B4C-B40A-50552589B40E', N'9C388461-2704-4C5E-A729-72C17E9018E1', N'2019-01-03 13:02:15.550')
GO

INSERT INTO [dbo].[Sys_MenuFunction]  VALUES (N'B45444BE-F72E-4A05-8823-CE0F08E4DD84', N'95915C77-DF04-45D6-A153-58AC09C991E4', N'F27ECB0A-197D-47B1-B243-59A8C71302BF', N'2018-12-26 11:17:44.847')
GO

INSERT INTO [dbo].[Sys_MenuFunction]  VALUES (N'259C0396-8390-4632-BE02-D02DC1C17123', N'BD024F3A-99A7-4407-861C-A016F243F222', N'C9518758-B2E1-4F51-B517-5282E273889C', N'2018-07-31 13:51:51.553')
GO

INSERT INTO [dbo].[Sys_MenuFunction]  VALUES (N'FA104B32-DF7B-4699-8071-D3CE8EC44455', N'95915C77-DF04-45D6-A153-58AC09C991E4', N'9C388461-2704-4C5E-A729-72C17E9018E1', N'2018-12-26 11:17:44.847')
GO

INSERT INTO [dbo].[Sys_MenuFunction]  VALUES (N'86D82C16-6D62-4347-8403-D509B28AD34F', N'167ECBBF-E6FA-4462-B8FF-42FE436E0DA8', N'2401F4D0-60B0-4E2E-903F-84C603373572', N'2019-01-03 12:59:47.767')
GO

INSERT INTO [dbo].[Sys_MenuFunction]  VALUES (N'2384EE2F-B877-4ACB-9FCA-D618AA39E773', N'6EDA22DA-F1E3-4F54-A8B1-B8C26357146B', N'E7EF2A05-8317-41C3-B588-99519FE88BF9', N'2019-01-03 12:59:02.053')
GO

INSERT INTO [dbo].[Sys_MenuFunction]  VALUES (N'FAAB9D31-02D3-49B1-8479-D6A15073D58E', N'8878803B-58DF-4F04-8A44-BDFA92989A53', N'383E7EE2-7690-46AC-9230-65155C84AA30', N'2018-12-26 11:21:41.977')
GO

INSERT INTO [dbo].[Sys_MenuFunction]  VALUES (N'87919A54-238E-4A35-A4C7-DC8D124F03FD', N'BA745DCF-D874-4526-8F3C-464C84D6D6C7', N'F27ECB0A-197D-47B1-B243-59A8C71302BF', N'2018-12-26 11:10:53.943')
GO

INSERT INTO [dbo].[Sys_MenuFunction]  VALUES (N'03A429D0-1D7D-4FF4-B8CD-DDA75FCB7D96', N'F4C917ED-E191-4FAF-8ACE-26B539F2166A', N'BFFEFB1C-8988-4DDF-B4AC-81C2B30E80CD', N'2018-12-26 11:20:39.343')
GO

INSERT INTO [dbo].[Sys_MenuFunction]  VALUES (N'7D158042-E012-42E2-9DBD-DF26B1768D81', N'D2FC8A83-D118-41A7-9507-2FA988F5A244', N'E7EF2A05-8317-41C3-B588-99519FE88BF9', N'2018-12-26 11:19:36.800')
GO

INSERT INTO [dbo].[Sys_MenuFunction]  VALUES (N'AB194B88-BE61-4E72-9C48-E1B7AC948DDD', N'8862E662-7C44-426B-9F42-B6EF49A03222', N'C9518758-B2E1-4F51-B517-5282E273889C', N'2018-12-26 11:19:12.930')
GO

INSERT INTO [dbo].[Sys_MenuFunction]  VALUES (N'CF7D7328-7F84-44FA-996D-E2B0D2F88C92', N'F42EA263-D02B-4B91-87F9-39330DEB1C49', N'C9518758-B2E1-4F51-B517-5282E273889C', N'2018-12-26 11:13:36.813')
GO

INSERT INTO [dbo].[Sys_MenuFunction]  VALUES (N'B9776939-9F52-4938-BE8A-E4B57D2503BF', N'60AE9382-31AB-4276-A379-D3876E9BB783', N'C9518758-B2E1-4F51-B517-5282E273889C', N'2018-04-22 15:46:57.700')
GO

INSERT INTO [dbo].[Sys_MenuFunction]  VALUES (N'D8F387DD-FC15-4879-9904-E70A19CD88FB', N'2012B0E1-F755-465F-B462-E31E264D20F3', N'9C388461-2704-4C5E-A729-72C17E9018E1', N'2018-12-26 11:21:20.933')
GO

INSERT INTO [dbo].[Sys_MenuFunction]  VALUES (N'61F4DE37-641B-4DF3-8D62-E84E4D875AC4', N'F4C917ED-E191-4FAF-8ACE-26B539F2166A', N'383E7EE2-7690-46AC-9230-65155C84AA30', N'2018-12-26 11:20:39.343')
GO

INSERT INTO [dbo].[Sys_MenuFunction]  VALUES (N'87EBF1CA-5BC6-4098-9FF3-EBB4D0BD0E9D', N'6EDA22DA-F1E3-4F54-A8B1-B8C26357146B', N'383E7EE2-7690-46AC-9230-65155C84AA30', N'2019-01-03 12:59:02.053')
GO

INSERT INTO [dbo].[Sys_MenuFunction]  VALUES (N'E3D33EF4-DB51-4F7F-8017-ED940AF28585', N'0724E6A6-0DF0-4B4C-B40A-50552589B40E', N'B6FD5425-504A-46A9-993B-2F8DC9158EB8', N'2019-01-03 13:02:15.550')
GO

INSERT INTO [dbo].[Sys_MenuFunction]  VALUES (N'04C67C66-66F8-43BA-BEAE-EF9698EF7E18', N'2012B0E1-F755-465F-B462-E31E264D20F3', N'E7EF2A05-8317-41C3-B588-99519FE88BF9', N'2018-12-26 11:21:20.933')
GO

INSERT INTO [dbo].[Sys_MenuFunction]  VALUES (N'0754B50B-2E68-4BBB-9E5F-F041245402CF', N'95915C77-DF04-45D6-A153-58AC09C991E4', N'C9518758-B2E1-4F51-B517-5282E273889C', N'2018-12-26 11:17:44.847')
GO

INSERT INTO [dbo].[Sys_MenuFunction]  VALUES (N'4DE1FE8A-0BA7-43F6-AEFD-F0E76F88449A', N'95915C77-DF04-45D6-A153-58AC09C991E4', N'2401F4D0-60B0-4E2E-903F-84C603373572', N'2018-12-26 11:17:44.847')
GO


-- ----------------------------
-- Table structure for Sys_Number
-- ----------------------------
IF EXISTS (SELECT * FROM sys.all_objects WHERE object_id = OBJECT_ID(N'[dbo].[Sys_Number]') AND type IN ('U'))
	DROP TABLE [dbo].[Sys_Number]
GO

CREATE TABLE [dbo].[Sys_Number] (
  [Number_ID] uniqueidentifier DEFAULT (newid()) NOT NULL,
  [Number_Num] varchar(50) COLLATE Chinese_PRC_CI_AS  NULL,
  [Number_DataBase] varchar(50) COLLATE Chinese_PRC_CI_AS  NULL,
  [Number_TableName] varchar(50) COLLATE Chinese_PRC_CI_AS  NULL,
  [Number_NumField] varchar(50) COLLATE Chinese_PRC_CI_AS  NULL,
  [Number_CreateTime] datetime DEFAULT (getdate()) NULL
)
GO

ALTER TABLE [dbo].[Sys_Number] SET (LOCK_ESCALATION = TABLE)
GO


-- ----------------------------
-- Records of Sys_Number
-- ----------------------------
INSERT INTO [dbo].[Sys_Number]  VALUES (N'B5FCC999-85B9-4DCE-A3FC-64B43EF82F68', N'1', NULL, N'Member', N'Member_Num', N'2018-04-25 23:00:03.723')
GO


-- ----------------------------
-- Table structure for Sys_Role
-- ----------------------------
IF EXISTS (SELECT * FROM sys.all_objects WHERE object_id = OBJECT_ID(N'[dbo].[Sys_Role]') AND type IN ('U'))
	DROP TABLE [dbo].[Sys_Role]
GO

CREATE TABLE [dbo].[Sys_Role] (
  [Role_ID] uniqueidentifier DEFAULT (newid()) NOT NULL,
  [Role_Num] varchar(50) COLLATE Chinese_PRC_CI_AS  NULL,
  [Role_Name] varchar(50) COLLATE Chinese_PRC_CI_AS  NULL,
  [Role_Remark] varchar(500) COLLATE Chinese_PRC_CI_AS  NULL,
  [Role_IsDelete] int  NULL,
  [Role_CreateTime] datetime DEFAULT (getdate()) NULL
)
GO

ALTER TABLE [dbo].[Sys_Role] SET (LOCK_ESCALATION = TABLE)
GO


-- ----------------------------
-- Records of Sys_Role
-- ----------------------------
INSERT INTO [dbo].[Sys_Role]  VALUES (N'18FA4771-6F58-46A3-80D2-6F0F5E9972E3', N'0001', N'超级管理员', N'拥有所有权限', N'2', N'2016-06-20 10:20:10.073')
GO

INSERT INTO [dbo].[Sys_Role]  VALUES (N'40FF1844-C099-4061-98E0-CD6E544FCFD3', N'0002', N'普通用户', NULL, N'1', N'2016-07-06 17:59:20.527')
GO


-- ----------------------------
-- Table structure for Sys_RoleMenuFunction
-- ----------------------------
IF EXISTS (SELECT * FROM sys.all_objects WHERE object_id = OBJECT_ID(N'[dbo].[Sys_RoleMenuFunction]') AND type IN ('U'))
	DROP TABLE [dbo].[Sys_RoleMenuFunction]
GO

CREATE TABLE [dbo].[Sys_RoleMenuFunction] (
  [RoleMenuFunction_ID] uniqueidentifier DEFAULT (newid()) NOT NULL,
  [RoleMenuFunction_RoleID] uniqueidentifier  NULL,
  [RoleMenuFunction_FunctionID] uniqueidentifier  NULL,
  [RoleMenuFunction_MenuID] uniqueidentifier  NULL,
  [RoleMenuFunction_CreateTime] datetime DEFAULT (getdate()) NULL
)
GO

ALTER TABLE [dbo].[Sys_RoleMenuFunction] SET (LOCK_ESCALATION = TABLE)
GO


-- ----------------------------
-- Records of Sys_RoleMenuFunction
-- ----------------------------
INSERT INTO [dbo].[Sys_RoleMenuFunction]  VALUES (N'A1E2FE41-C361-4E1C-8FD3-06313FFF2EA1', N'18FA4771-6F58-46A3-80D2-6F0F5E9972E3', N'BFFEFB1C-8988-4DDF-B4AC-81C2B30E80CD', N'7C34C2FD-98ED-4655-AA04-BB00B915A751', N'2018-12-25 17:28:30.217')
GO

INSERT INTO [dbo].[Sys_RoleMenuFunction]  VALUES (N'A3979835-1BE7-4C57-888C-0C1D2D7F47BB', N'40FF1844-C099-4061-98E0-CD6E544FCFD3', N'F27ECB0A-197D-47B1-B243-59A8C71302BF', N'38D864FF-F6E7-43AF-8C5C-8BBCF9FA586D', N'2018-06-15 18:44:10.837')
GO

INSERT INTO [dbo].[Sys_RoleMenuFunction]  VALUES (N'41029E90-B735-4B0B-AAEC-2002F28CA838', N'18FA4771-6F58-46A3-80D2-6F0F5E9972E3', N'9C388461-2704-4C5E-A729-72C17E9018E1', N'60AE9382-31AB-4276-A379-D3876E9BB783', N'2018-12-25 17:28:30.217')
GO

INSERT INTO [dbo].[Sys_RoleMenuFunction]  VALUES (N'7CD48FEC-F704-4800-A0A2-2258C566F359', N'18FA4771-6F58-46A3-80D2-6F0F5E9972E3', N'383E7EE2-7690-46AC-9230-65155C84AA30', N'38D864FF-F6E7-43AF-8C5C-8BBCF9FA586D', N'2018-12-25 17:28:30.217')
GO

INSERT INTO [dbo].[Sys_RoleMenuFunction]  VALUES (N'C27F0D76-7CC8-4C83-9393-2D9DA7846B52', N'18FA4771-6F58-46A3-80D2-6F0F5E9972E3', N'2401F4D0-60B0-4E2E-903F-84C603373572', N'60AE9382-31AB-4276-A379-D3876E9BB783', N'2018-12-25 17:28:30.217')
GO

INSERT INTO [dbo].[Sys_RoleMenuFunction]  VALUES (N'0000F9CA-0EC5-474A-8DE6-2FEA0E6696F3', N'18FA4771-6F58-46A3-80D2-6F0F5E9972E3', N'9C388461-2704-4C5E-A729-72C17E9018E1', N'38D864FF-F6E7-43AF-8C5C-8BBCF9FA586D', N'2018-12-25 17:28:30.217')
GO

INSERT INTO [dbo].[Sys_RoleMenuFunction]  VALUES (N'0A42FFC7-BE5F-46DE-91BC-2FEBA4C85C34', N'18FA4771-6F58-46A3-80D2-6F0F5E9972E3', N'E7EF2A05-8317-41C3-B588-99519FE88BF9', N'6EDA22DA-F1E3-4F54-A8B1-B8C26357146B', N'2018-12-25 17:28:30.217')
GO

INSERT INTO [dbo].[Sys_RoleMenuFunction]  VALUES (N'490A7354-4B99-4617-80FF-30221AEB0109', N'18FA4771-6F58-46A3-80D2-6F0F5E9972E3', N'F27ECB0A-197D-47B1-B243-59A8C71302BF', N'60AE9382-31AB-4276-A379-D3876E9BB783', N'2018-12-25 17:28:30.217')
GO

INSERT INTO [dbo].[Sys_RoleMenuFunction]  VALUES (N'09C670D2-3153-4B43-B61A-408CC48848AB', N'18FA4771-6F58-46A3-80D2-6F0F5E9972E3', N'F27ECB0A-197D-47B1-B243-59A8C71302BF', N'6EDA22DA-F1E3-4F54-A8B1-B8C26357146B', N'2018-12-25 17:28:30.217')
GO

INSERT INTO [dbo].[Sys_RoleMenuFunction]  VALUES (N'55063ADD-4A2A-4F12-BE8A-4194F3E5B688', N'18FA4771-6F58-46A3-80D2-6F0F5E9972E3', N'2401F4D0-60B0-4E2E-903F-84C603373572', N'38D864FF-F6E7-43AF-8C5C-8BBCF9FA586D', N'2018-12-25 17:28:30.217')
GO

INSERT INTO [dbo].[Sys_RoleMenuFunction]  VALUES (N'1C07CC44-669A-4FF6-974B-4479AC0CA040', N'18FA4771-6F58-46A3-80D2-6F0F5E9972E3', N'2401F4D0-60B0-4E2E-903F-84C603373572', N'6EDA22DA-F1E3-4F54-A8B1-B8C26357146B', N'2018-12-25 17:28:30.217')
GO

INSERT INTO [dbo].[Sys_RoleMenuFunction]  VALUES (N'A82DF5B4-EE8C-4FEB-ADAD-449BB2BC60A9', N'18FA4771-6F58-46A3-80D2-6F0F5E9972E3', N'E7EF2A05-8317-41C3-B588-99519FE88BF9', N'60AE9382-31AB-4276-A379-D3876E9BB783', N'2018-12-25 17:28:30.217')
GO

INSERT INTO [dbo].[Sys_RoleMenuFunction]  VALUES (N'7F5A7647-9312-44D7-9E3C-497E3D0A7EF0', N'18FA4771-6F58-46A3-80D2-6F0F5E9972E3', N'C9518758-B2E1-4F51-B517-5282E273889C', N'6EDA22DA-F1E3-4F54-A8B1-B8C26357146B', N'2018-12-25 17:28:30.217')
GO

INSERT INTO [dbo].[Sys_RoleMenuFunction]  VALUES (N'9E747FD5-A9AB-4B54-8CE7-4A7C565A2A9C', N'40FF1844-C099-4061-98E0-CD6E544FCFD3', N'C9518758-B2E1-4F51-B517-5282E273889C', N'38D864FF-F6E7-43AF-8C5C-8BBCF9FA586D', N'2018-06-15 18:44:10.813')
GO

INSERT INTO [dbo].[Sys_RoleMenuFunction]  VALUES (N'E9AC0696-B675-4DDB-8026-4E3A3A7316EC', N'18FA4771-6F58-46A3-80D2-6F0F5E9972E3', N'E7EF2A05-8317-41C3-B588-99519FE88BF9', N'38D864FF-F6E7-43AF-8C5C-8BBCF9FA586D', N'2018-12-25 17:28:30.217')
GO

INSERT INTO [dbo].[Sys_RoleMenuFunction]  VALUES (N'7AFE3645-ABE7-4F36-B81C-6049390388E4', N'18FA4771-6F58-46A3-80D2-6F0F5E9972E3', N'C9518758-B2E1-4F51-B517-5282E273889C', N'F35D64AE-ECB7-4D06-ACFB-D91595966D9E', N'2018-12-25 17:28:30.217')
GO

INSERT INTO [dbo].[Sys_RoleMenuFunction]  VALUES (N'BF285A70-5848-421E-B03E-6064FF841D9E', N'18FA4771-6F58-46A3-80D2-6F0F5E9972E3', N'383E7EE2-7690-46AC-9230-65155C84AA30', N'7C34C2FD-98ED-4655-AA04-BB00B915A751', N'2018-12-25 17:28:30.217')
GO

INSERT INTO [dbo].[Sys_RoleMenuFunction]  VALUES (N'AC9BAF52-791A-4159-B7DA-66577A914DC8', N'18FA4771-6F58-46A3-80D2-6F0F5E9972E3', N'2401F4D0-60B0-4E2E-903F-84C603373572', N'7C34C2FD-98ED-4655-AA04-BB00B915A751', N'2018-12-25 17:28:30.217')
GO

INSERT INTO [dbo].[Sys_RoleMenuFunction]  VALUES (N'15F68A8E-0ED4-470D-A549-7D1B9ABB4AE7', N'18FA4771-6F58-46A3-80D2-6F0F5E9972E3', N'C9518758-B2E1-4F51-B517-5282E273889C', N'38D864FF-F6E7-43AF-8C5C-8BBCF9FA586D', N'2018-12-25 17:28:30.217')
GO

INSERT INTO [dbo].[Sys_RoleMenuFunction]  VALUES (N'25945F65-B9FB-42D9-B6F8-82E43467CA58', N'40FF1844-C099-4061-98E0-CD6E544FCFD3', N'C9518758-B2E1-4F51-B517-5282E273889C', N'F35D64AE-ECB7-4D06-ACFB-D91595966D9E', N'2018-06-15 18:44:10.807')
GO

INSERT INTO [dbo].[Sys_RoleMenuFunction]  VALUES (N'8E8F38FD-5CBF-454E-AD75-8AF4C1F13292', N'18FA4771-6F58-46A3-80D2-6F0F5E9972E3', N'E7EF2A05-8317-41C3-B588-99519FE88BF9', N'7C34C2FD-98ED-4655-AA04-BB00B915A751', N'2018-12-25 17:28:30.217')
GO

INSERT INTO [dbo].[Sys_RoleMenuFunction]  VALUES (N'72865097-BC7B-4385-B7E8-920F9D4306CE', N'40FF1844-C099-4061-98E0-CD6E544FCFD3', N'C9518758-B2E1-4F51-B517-5282E273889C', N'7C34C2FD-98ED-4655-AA04-BB00B915A751', N'2018-06-15 18:44:10.843')
GO

INSERT INTO [dbo].[Sys_RoleMenuFunction]  VALUES (N'7A5503F0-C7EE-4CA5-98F9-9894AB14ACAC', N'18FA4771-6F58-46A3-80D2-6F0F5E9972E3', N'9C388461-2704-4C5E-A729-72C17E9018E1', N'6EDA22DA-F1E3-4F54-A8B1-B8C26357146B', N'2018-12-25 17:28:30.217')
GO

INSERT INTO [dbo].[Sys_RoleMenuFunction]  VALUES (N'319500C7-F8C7-440E-8C09-AAAE363223E6', N'18FA4771-6F58-46A3-80D2-6F0F5E9972E3', N'C9518758-B2E1-4F51-B517-5282E273889C', N'7C34C2FD-98ED-4655-AA04-BB00B915A751', N'2018-12-25 17:28:30.217')
GO

INSERT INTO [dbo].[Sys_RoleMenuFunction]  VALUES (N'8AAF30EC-C571-434E-9910-B602393B6664', N'18FA4771-6F58-46A3-80D2-6F0F5E9972E3', N'F27ECB0A-197D-47B1-B243-59A8C71302BF', N'7C34C2FD-98ED-4655-AA04-BB00B915A751', N'2018-12-25 17:28:30.217')
GO

INSERT INTO [dbo].[Sys_RoleMenuFunction]  VALUES (N'D29BD07B-6C5B-4D1B-BFC5-B65E1001FAC7', N'18FA4771-6F58-46A3-80D2-6F0F5E9972E3', N'383E7EE2-7690-46AC-9230-65155C84AA30', N'6EDA22DA-F1E3-4F54-A8B1-B8C26357146B', N'2018-12-25 17:28:30.217')
GO

INSERT INTO [dbo].[Sys_RoleMenuFunction]  VALUES (N'860D2EB8-A2B1-4BB5-876B-BE31F0D8EDA1', N'40FF1844-C099-4061-98E0-CD6E544FCFD3', N'383E7EE2-7690-46AC-9230-65155C84AA30', N'38D864FF-F6E7-43AF-8C5C-8BBCF9FA586D', N'2018-06-15 18:44:10.830')
GO

INSERT INTO [dbo].[Sys_RoleMenuFunction]  VALUES (N'3E4337A6-420D-402F-B7A4-BFEA2073208C', N'18FA4771-6F58-46A3-80D2-6F0F5E9972E3', N'F27ECB0A-197D-47B1-B243-59A8C71302BF', N'38D864FF-F6E7-43AF-8C5C-8BBCF9FA586D', N'2018-12-25 17:28:30.217')
GO

INSERT INTO [dbo].[Sys_RoleMenuFunction]  VALUES (N'F63317F7-B310-4E81-BB16-C26B2B135776', N'18FA4771-6F58-46A3-80D2-6F0F5E9972E3', N'383E7EE2-7690-46AC-9230-65155C84AA30', N'60AE9382-31AB-4276-A379-D3876E9BB783', N'2018-12-25 17:28:30.217')
GO

INSERT INTO [dbo].[Sys_RoleMenuFunction]  VALUES (N'C1C73504-C3E8-4853-8CE7-C510278B7694', N'18FA4771-6F58-46A3-80D2-6F0F5E9972E3', N'BFFEFB1C-8988-4DDF-B4AC-81C2B30E80CD', N'38D864FF-F6E7-43AF-8C5C-8BBCF9FA586D', N'2018-12-25 17:28:30.217')
GO

INSERT INTO [dbo].[Sys_RoleMenuFunction]  VALUES (N'D3997ACB-75BA-4823-A7AF-CB69C43E2F37', N'18FA4771-6F58-46A3-80D2-6F0F5E9972E3', N'BFFEFB1C-8988-4DDF-B4AC-81C2B30E80CD', N'60AE9382-31AB-4276-A379-D3876E9BB783', N'2018-12-25 17:28:30.217')
GO

INSERT INTO [dbo].[Sys_RoleMenuFunction]  VALUES (N'636B2EFD-D85E-45F9-92A6-CBA30E3E44E6', N'40FF1844-C099-4061-98E0-CD6E544FCFD3', N'E7EF2A05-8317-41C3-B588-99519FE88BF9', N'38D864FF-F6E7-43AF-8C5C-8BBCF9FA586D', N'2018-06-15 18:44:10.820')
GO

INSERT INTO [dbo].[Sys_RoleMenuFunction]  VALUES (N'DFE121E7-F83C-448A-9CF7-E58418E5D9B5', N'18FA4771-6F58-46A3-80D2-6F0F5E9972E3', N'C9518758-B2E1-4F51-B517-5282E273889C', N'60AE9382-31AB-4276-A379-D3876E9BB783', N'2018-12-25 17:28:30.217')
GO

INSERT INTO [dbo].[Sys_RoleMenuFunction]  VALUES (N'93E587A2-602E-4863-AB8E-E7FBDEBF50F1', N'18FA4771-6F58-46A3-80D2-6F0F5E9972E3', N'BFFEFB1C-8988-4DDF-B4AC-81C2B30E80CD', N'6EDA22DA-F1E3-4F54-A8B1-B8C26357146B', N'2018-12-25 17:28:30.217')
GO

INSERT INTO [dbo].[Sys_RoleMenuFunction]  VALUES (N'B53D3C3E-05F1-41DA-8E1B-FCA44BF2C879', N'18FA4771-6F58-46A3-80D2-6F0F5E9972E3', N'9C388461-2704-4C5E-A729-72C17E9018E1', N'7C34C2FD-98ED-4655-AA04-BB00B915A751', N'2018-12-25 17:28:30.217')
GO

INSERT INTO [dbo].[Sys_RoleMenuFunction]  VALUES (N'84705578-5CDF-443B-9992-FD178D003CA2', N'18FA4771-6F58-46A3-80D2-6F0F5E9972E3', N'C9518758-B2E1-4F51-B517-5282E273889C', N'BD024F3A-99A7-4407-861C-A016F243F222', N'2018-12-25 17:28:30.217')
GO


-- ----------------------------
-- Table structure for Sys_User
-- ----------------------------
IF EXISTS (SELECT * FROM sys.all_objects WHERE object_id = OBJECT_ID(N'[dbo].[Sys_User]') AND type IN ('U'))
	DROP TABLE [dbo].[Sys_User]
GO

CREATE TABLE [dbo].[Sys_User] (
  [User_ID] uniqueidentifier DEFAULT (newid()) NOT NULL,
  [User_Name] varchar(50) COLLATE Chinese_PRC_CI_AS  NULL,
  [User_LoginName] varchar(50) COLLATE Chinese_PRC_CI_AS  NULL,
  [User_Pwd] varchar(100) COLLATE Chinese_PRC_CI_AS  NULL,
  [User_Email] varchar(50) COLLATE Chinese_PRC_CI_AS  NULL,
  [User_IsDelete] int  NULL,
  [User_CreateTime] datetime DEFAULT (getdate()) NULL
)
GO

ALTER TABLE [dbo].[Sys_User] SET (LOCK_ESCALATION = TABLE)
GO


-- ----------------------------
-- Records of Sys_User
-- ----------------------------
INSERT INTO [dbo].[Sys_User]  VALUES (N'0198459E-2034-4533-B843-5D227AD20740', N'管理员', N'admin', N'123', N'1396510655@qq.com', N'2', N'2017-04-06 19:55:53.083')
GO

INSERT INTO [dbo].[Sys_User]  VALUES (N'A7EAE7AB-0DE4-4026-8DA9-6529F8A1C3E2', N'普通用户', N'user', N'123', NULL, N'1', N'2018-03-10 12:21:15.160')
GO


-- ----------------------------
-- Table structure for Sys_UserRole
-- ----------------------------
IF EXISTS (SELECT * FROM sys.all_objects WHERE object_id = OBJECT_ID(N'[dbo].[Sys_UserRole]') AND type IN ('U'))
	DROP TABLE [dbo].[Sys_UserRole]
GO

CREATE TABLE [dbo].[Sys_UserRole] (
  [UserRole_ID] uniqueidentifier DEFAULT (newid()) NOT NULL,
  [UserRole_UserID] uniqueidentifier  NULL,
  [UserRole_RoleID] uniqueidentifier  NULL,
  [UserRole_CreateTime] datetime DEFAULT (getdate()) NULL
)
GO

ALTER TABLE [dbo].[Sys_UserRole] SET (LOCK_ESCALATION = TABLE)
GO


-- ----------------------------
-- Records of Sys_UserRole
-- ----------------------------
INSERT INTO [dbo].[Sys_UserRole]  VALUES (N'A3DDF66D-49FF-4981-8090-9CAA326E13F9', N'A7EAE7AB-0DE4-4026-8DA9-6529F8A1C3E2', N'40FF1844-C099-4061-98E0-CD6E544FCFD3', N'2018-04-25 20:51:36.350')
GO

INSERT INTO [dbo].[Sys_UserRole]  VALUES (N'AAD12748-CF95-4A43-8E7F-FAFC9BFB329B', N'0198459E-2034-4533-B843-5D227AD20740', N'18FA4771-6F58-46A3-80D2-6F0F5E9972E3', N'2018-08-02 16:19:08.610')
GO


-- ----------------------------
-- Procedure structure for GetNumber
-- ----------------------------
IF EXISTS (SELECT * FROM sys.all_objects WHERE object_id = OBJECT_ID(N'[dbo].[GetNumber]') AND type IN ('P', 'PC', 'RF', 'X'))
	DROP PROCEDURE[dbo].[GetNumber]
GO

CREATE PROCEDURE [dbo].[GetNumber]
	@numfield varchar(50),--varchar(8000),         --字段名
    @tablename varchar(50)              --表名
AS
BEGIN
	DECLARE @Number int = 0
	select @Number=Number_Num from Sys_Number where Number_TableName=@tablename and Number_NumField=@numfield
    IF @Number=0 BEGIN
		insert into Sys_Number(Number_TableName,Number_NumField,Number_Num) values(@tablename,@numfield,1)
		select 1
	END
	ELSE BEGIN
		update Sys_Number set Number_Num = @Number +1 where Number_TableName=@tablename and Number_NumField=@numfield
		select (@Number +1)
	END
END
GO


-- ----------------------------
-- Procedure structure for PROC_SPLITPAGE
-- ----------------------------
IF EXISTS (SELECT * FROM sys.all_objects WHERE object_id = OBJECT_ID(N'[dbo].[PROC_SPLITPAGE]') AND type IN ('P', 'PC', 'RF', 'X'))
	DROP PROCEDURE[dbo].[PROC_SPLITPAGE]
GO

CREATE PROCEDURE [dbo].[PROC_SPLITPAGE]
    @SQL text,--varchar(8000),         --要执行的SQL语句
    @PAGE INT = 1,              --要显示的页码
    @PAGESIZE INT,              --每页的大小
    @PAGECOUNT INT = 0 OUT,     --总页数
    @RECORDCOUNT INT = 0 OUT    --总记录数
AS
BEGIN
    SET NOCOUNT ON

    DECLARE @P1 INT

    EXEC SP_CURSOROPEN @P1 OUTPUT, @SQL, @SCROLLOPT = 1, @CCOPT = 1, @ROWCOUNT = @PAGECOUNT OUTPUT

    SET @RECORDCOUNT = @PAGECOUNT

    SELECT @PAGECOUNT=
        CEILING(1.0 * @PAGECOUNT / @PAGESIZE) , @PAGE = (@PAGE-1) * @PAGESIZE + 1

    EXEC SP_CURSORFETCH @P1, 16, @PAGE, @PAGESIZE 

    EXEC SP_CURSORCLOSE @P1
END
GO


-- ----------------------------
-- Primary Key structure for table Member
-- ----------------------------
ALTER TABLE [dbo].[Member] ADD CONSTRAINT [PK_Member] PRIMARY KEY CLUSTERED ([Member_ID])
WITH (PAD_INDEX = OFF, STATISTICS_NORECOMPUTE = OFF, IGNORE_DUP_KEY = OFF, ALLOW_ROW_LOCKS = ON, ALLOW_PAGE_LOCKS = ON)  
ON [PRIMARY]
GO


-- ----------------------------
-- Primary Key structure for table Sys_Function
-- ----------------------------
ALTER TABLE [dbo].[Sys_Function] ADD CONSTRAINT [PK_Sys_Function] PRIMARY KEY CLUSTERED ([Function_ID])
WITH (PAD_INDEX = OFF, STATISTICS_NORECOMPUTE = OFF, IGNORE_DUP_KEY = OFF, ALLOW_ROW_LOCKS = ON, ALLOW_PAGE_LOCKS = ON)  
ON [PRIMARY]
GO


-- ----------------------------
-- Primary Key structure for table Sys_Menu
-- ----------------------------
ALTER TABLE [dbo].[Sys_Menu] ADD CONSTRAINT [PK_Sys_Menu] PRIMARY KEY CLUSTERED ([Menu_ID])
WITH (PAD_INDEX = OFF, STATISTICS_NORECOMPUTE = OFF, IGNORE_DUP_KEY = OFF, ALLOW_ROW_LOCKS = ON, ALLOW_PAGE_LOCKS = ON)  
ON [PRIMARY]
GO


-- ----------------------------
-- Primary Key structure for table Sys_MenuFunction
-- ----------------------------
ALTER TABLE [dbo].[Sys_MenuFunction] ADD CONSTRAINT [PK_Sys_MenuFunction] PRIMARY KEY CLUSTERED ([MenuFunction_ID])
WITH (PAD_INDEX = OFF, STATISTICS_NORECOMPUTE = OFF, IGNORE_DUP_KEY = OFF, ALLOW_ROW_LOCKS = ON, ALLOW_PAGE_LOCKS = ON)  
ON [PRIMARY]
GO


-- ----------------------------
-- Primary Key structure for table Sys_Number
-- ----------------------------
ALTER TABLE [dbo].[Sys_Number] ADD CONSTRAINT [PK_Sys_Number] PRIMARY KEY CLUSTERED ([Number_ID])
WITH (PAD_INDEX = OFF, STATISTICS_NORECOMPUTE = OFF, IGNORE_DUP_KEY = OFF, ALLOW_ROW_LOCKS = ON, ALLOW_PAGE_LOCKS = ON)  
ON [PRIMARY]
GO


-- ----------------------------
-- Primary Key structure for table Sys_Role
-- ----------------------------
ALTER TABLE [dbo].[Sys_Role] ADD CONSTRAINT [PK_Sys_Role] PRIMARY KEY CLUSTERED ([Role_ID])
WITH (PAD_INDEX = OFF, STATISTICS_NORECOMPUTE = OFF, IGNORE_DUP_KEY = OFF, ALLOW_ROW_LOCKS = ON, ALLOW_PAGE_LOCKS = ON)  
ON [PRIMARY]
GO


-- ----------------------------
-- Primary Key structure for table Sys_RoleMenuFunction
-- ----------------------------
ALTER TABLE [dbo].[Sys_RoleMenuFunction] ADD CONSTRAINT [PK_Sys_RoleMenuFunction] PRIMARY KEY CLUSTERED ([RoleMenuFunction_ID])
WITH (PAD_INDEX = OFF, STATISTICS_NORECOMPUTE = OFF, IGNORE_DUP_KEY = OFF, ALLOW_ROW_LOCKS = ON, ALLOW_PAGE_LOCKS = ON)  
ON [PRIMARY]
GO


-- ----------------------------
-- Primary Key structure for table Sys_User
-- ----------------------------
ALTER TABLE [dbo].[Sys_User] ADD CONSTRAINT [PK_Sys_User] PRIMARY KEY CLUSTERED ([User_ID])
WITH (PAD_INDEX = OFF, STATISTICS_NORECOMPUTE = OFF, IGNORE_DUP_KEY = OFF, ALLOW_ROW_LOCKS = ON, ALLOW_PAGE_LOCKS = ON)  
ON [PRIMARY]
GO


-- ----------------------------
-- Primary Key structure for table Sys_UserRole
-- ----------------------------
ALTER TABLE [dbo].[Sys_UserRole] ADD CONSTRAINT [PK_Sys_UserRole] PRIMARY KEY CLUSTERED ([UserRole_ID])
WITH (PAD_INDEX = OFF, STATISTICS_NORECOMPUTE = OFF, IGNORE_DUP_KEY = OFF, ALLOW_ROW_LOCKS = ON, ALLOW_PAGE_LOCKS = ON)  
ON [PRIMARY]
GO

